{"cameraMode":{"drawMode":0,"name":"Shaded","section":"Shading Mode"},"sceneLighting":false,"audioPlay":false,"sceneViewState":{"m_AlwaysRefresh":false,"showFog":true,"showSkybox":false,"showFlares":true,"showImageEffects":true,"showParticleSystems":true,"showVisualEffectGraphs":true,"m_FxEnabled":true},"in2DMode":false,"pivot":{"x":-0.7429360747337341,"y":5.478704929351807,"z":-0.7418911457061768},"rotation":{"x":-0.03479630500078201,"y":0.008980650454759598,"z":0.00029325042851269245,"w":0.9994980692863464},"size":1.4367051124572755,"orthographic":false}