{"cameraMode":{"drawMode":0,"name":"Shaded","section":"Shading Mode"},"sceneLighting":false,"audioPlay":false,"sceneViewState":{"m_AlwaysRefresh":false,"showFog":true,"showSkybox":false,"showFlares":true,"showImageEffects":true,"showParticleSystems":true,"showVisualEffectGraphs":true,"m_FxEnabled":true},"in2DMode":false,"pivot":{"x":-0.3298472464084625,"y":5.725383758544922,"z":-0.8076436519622803},"rotation":{"x":-0.07767009735107422,"y":0.08185538649559021,"z":0.006379546597599983,"w":0.9937370419502258},"size":1.4367051124572755,"orthographic":false}